{"resources":["assets/sounds/card-rotate.ogg"],"spritemap":{"card_rotate_0":{"start":0,"end":0.1302721088435374,"loop":false},"card_rotate_1":{"start":1,"end":1.1302721088435375,"loop":false},"card_rotate_10":{"start":2,"end":2.1302721088435375,"loop":false},"card_rotate_11":{"start":3,"end":3.1302721088435375,"loop":false},"card_rotate_12":{"start":4,"end":4.163605442176871,"loop":false},"card_rotate_13":{"start":5,"end":5.1302721088435375,"loop":false},"card_rotate_14":{"start":6,"end":6.1302721088435375,"loop":false},"card_rotate_2":{"start":7,"end":7.1302721088435375,"loop":false},"card_rotate_3":{"start":8,"end":8.130272108843537,"loop":false},"card_rotate_4":{"start":9,"end":9.130272108843537,"loop":false},"card_rotate_5":{"start":10,"end":10.130272108843537,"loop":false},"card_rotate_6":{"start":11,"end":11.18721088435374,"loop":false},"card_rotate_7":{"start":12,"end":12.130272108843537,"loop":false},"card_rotate_8":{"start":13,"end":13.130272108843537,"loop":false},"card_rotate_9":{"start":14,"end":14.130272108843537,"loop":false}}}