{"resources":["assets/sounds/card-combo.ogg"],"spritemap":{"n_card_1":{"start":0,"end":0.5209977324263039,"loop":false},"n_card_10":{"start":1,"end":1.463265306122449,"loop":false},"n_card_11":{"start":2,"end":2.463265306122449,"loop":false},"n_card_12":{"start":3,"end":3.463265306122449,"loop":false},"n_card_2":{"start":4,"end":4.520997732426304,"loop":false},"n_card_3":{"start":5,"end":5.502131519274377,"loop":false},"n_card_4":{"start":6,"end":6.520997732426304,"loop":false},"n_card_5":{"start":7,"end":7.520997732426304,"loop":false},"n_card_6":{"start":8,"end":8.520997732426304,"loop":false},"n_card_7":{"start":9,"end":9.520997732426304,"loop":false},"n_card_8":{"start":10,"end":10.520997732426304,"loop":false},"n_card_9":{"start":11,"end":11.520997732426304,"loop":false}}}