{"resources":["assets/sounds/card.ogg"],"spritemap":{"bomb_counter":{"start":0,"end":0.7653514739229025,"loop":false},"card_open_1":{"start":1,"end":1.057687074829932,"loop":false},"card_played_off_x2":{"start":2,"end":2.7653514739229026,"loop":false},"card_plus_activation":{"start":3,"end":5.257097505668934,"loop":false},"card_plus_flight_to_stock":{"start":6,"end":6.8133333333333335,"loop":false},"card_plus_spawn_card_1":{"start":7,"end":8.03201814058957,"loop":false},"count_down_tick":{"start":9,"end":9.261337868480725,"loop":false},"gp_card_collect_x2":{"start":10,"end":10.381337868480726,"loop":false},"gp_card_misstap":{"start":11,"end":11.715986394557824,"loop":false},"gp_card_redo_field":{"start":12,"end":12.933333333333334,"loop":false},"gp_card_take":{"start":13,"end":13.765351473922902,"loop":false},"mod_key":{"start":14,"end":14.501337868480725,"loop":false},"mod_lock_opens":{"start":15,"end":16.15201814058957,"loop":false}}}