{"resources":["assets/sounds/effects.ogg"],"spritemap":{"button_click":{"start":2,"end":2.206077097505669,"loop":false},"congratulation":{"start":8,"end":10.718004535147392,"loop":false},"daily_reward":{"start":14,"end":14.911383219954649,"loop":false},"diamonds_drop":{"start":19,"end":20.462857142857143,"loop":false},"diamonds_eat":{"start":25,"end":26.488979591836735,"loop":false},"fireworks_big":{"start":33,"end":36.215986394557824,"loop":false},"fireworks_small":{"start":40,"end":40.6904081632653,"loop":false},"fireworks_soar":{"start":45,"end":46.03201814058957,"loop":false},"game_over_scene":{"start":53,"end":56.99673469387755,"loop":false},"gem_drop":{"start":61,"end":62.28,"loop":false},"gem_explosive_1":{"start":67,"end":68.02603174603175,"loop":false},"gem_explosive_2":{"start":72,"end":72.97668934240363,"loop":false},"gem_explosive_3":{"start":77,"end":78.00571428571429,"loop":false},"gem_explosive_4":{"start":83,"end":84.00571428571429,"loop":false},"gem_explosive_5":{"start":89,"end":90.00281179138322,"loop":false},"gem_explosive_6":{"start":95,"end":96.01442176870748,"loop":false},"gem_explosive_freeze":{"start":100,"end":100.78077097505668,"loop":false},"gem_falling":{"start":104,"end":104.38167800453515,"loop":false},"gift_charge":{"start":109,"end":110.69795918367348,"loop":false},"gift_explode":{"start":116,"end":118.84734693877552,"loop":false},"gift_reveal":{"start":123,"end":124.12326530612245,"loop":false},"item_active_ambience":{"start":131,"end":134.2853514739229,"loop":false},"mission_completed":{"start":138,"end":138.81308390022676,"loop":false},"mission_reward":{"start":144,"end":146.08979591836734,"loop":false},"move_wrong":{"start":150,"end":150.44117913832198,"loop":false},"popup_off":{"start":154,"end":154.93605442176872,"loop":false},"popup_show":{"start":158,"end":158.3613605442177,"loop":false},"score_counter":{"start":165,"end":168.03020408163266,"loop":false},"start_game":{"start":175,"end":178.12308390022676,"loop":false},"start_level":{"start":185,"end":188.67201814058956,"loop":false},"use_hammer":{"start":194,"end":196.9489342403628,"loop":false},"use_paint":{"start":201,"end":202.57895691609977,"loop":false},"use_shuffle":{"start":206,"end":206.3613605442177,"loop":false},"you_lose":{"start":212,"end":214.11591836734695,"loop":false},"you_win":{"start":223,"end":228.25061224489795,"loop":false}}}